[
  {
    "id": "piece_of_skeleton",
    "name": "Pedaço de Osso",
    "type": "material",
    "level": 60,
    "icon": "icons/piece_of_skeleton.png",
    "recipe": [],
    "evolves_from": null,
    "evolves_to": null,
    "source": "Drop: Dusk 1-1 (Esqueleto Guerreiro)"
  },
  {
    "id": "old_blade",
    "name": "Lâmina Velha",
    "type": "material",
    "level": 60,
    "icon": "icons/old_blade.png",
    "recipe": [],
    "evolves_from": null,
    "evolves_to": null,
    "source": "Drop: Dusk 1-1 (Caixa Velha)"
  },
  {
    "id": "beginner_sword_60",
    "name": "Espada do Iniciante (Nv. 60)",
    "type": "weapon",
    "level": 60,
    "icon": "icons/beginner_sword_60.png",
    "recipe": [
      { "item_id": "piece_of_skeleton", "quantity": 5 },
      { "item_id": "old_blade", "quantity": 1 }
    ],
    "evolves_from": null,
    "evolves_to": "intermediate_sword_70",
    "source": "Forge: Ancião da Cidade do Dragão"
  },
  {
    "id": "intermediate_sword_70",
    "name": "Espada Intermediária (Nv. 70)",
    "type": "weapon",
    "level": 70,
    "icon": "icons/intermediate_sword_70.png",
    "recipe": [
      { "item_id": "beginner_sword_60", "quantity": 1, "action": "break_down_previous_tier" },
      { "item_id": "mysterious_skull", "quantity": 3 }
    ],
    "evolves_from": "beginner_sword_60",
    "evolves_to": null,
    "source": "Forge: Ancião da Cidade do Dragão"
  },
  {
    "id": "mysterious_skull",
    "name": "Crânio Misterioso",
    "type": "material",
    "level": 70,
    "icon": "icons/mysterious_skull.png",
    "recipe": [],
    "evolves_from": null,
    "evolves_to": null,
    "source": "Drop: Dusk 1-2 (Mago Esqueleto)"
  }
]
